Location,Year,Total,Unsheltered,Percentage
"Pasco County CoC",2013,3305,3200,96.8230
"Hendry, Hardee, Highlands Counties CoC",2013,3847,3711,96.4648
"Del Norte County CoC",2012,437,421,96.3387
"Pasco County CoC",2012,4351,4159,95.5872
"Pasco County CoC",2014,3356,3200,95.3516
"Columbia, Hamilton, Lafayette, Suwannee Counties CoC",2013,1278,1197,93.6620
"Columbia, Hamilton, Lafayette, Suwannee Counties CoC",2012,1180,1096,92.8814
"Columbia, Hamilton, Lafayette, Suwannee Counties CoC",2014,1070,987,92.2430
"Delta Hills CoC",2012,785,718,91.4650
"Hendry, Hardee, Highlands Counties CoC",2012,1319,1205,91.3571
"Mendocino County CoC",2012,1441,1314,91.1867
"Guam CoC",2014,1356,1230,90.7080
"Fort Pierce/St. Lucie, Indian River, Martin Counties CoC",2014,2591,2342,90.3898
"San Luis Obispo County CoC",2013,2357,2122,90.0297
"Fort Pierce/St. Lucie, Indian River, Martin Counties CoC",2013,2240,2016,90.0000
"Guam CoC",2013,1271,1143,89.9292
"San Luis Obispo County CoC",2014,2366,2122,89.6872
"Fort Pierce/St. Lucie, Indian River, Martin Counties CoC",2012,1724,1545,89.6172
"San Luis Obispo County CoC",2012,2129,1901,89.2907
"Colorado Balance of State CoC",2012,9283,8268,89.0660
"Mendocino County CoC",2013,1392,1218,87.5000
"Tampa/Hillsborough County CoC",2012,7419,6447,86.8985
"Mendocino County CoC",2014,1404,1218,86.7521
"St. Johns County CoC",2012,1385,1201,86.7148
"St. Johns County CoC",2014,1401,1204,85.9386
"Guam CoC",2012,1301,1114,85.6264
"Fresno City & County/Madera County CoC",2012,4492,3822,85.0846
"St. Johns County CoC",2013,1437,1204,83.7857
"Riverside City & County CoC",2012,6096,5090,83.4974
"Hendry, Hardee, Highlands Counties CoC",2014,1346,1112,82.6152
"Watsonville/Santa Cruz City & County CoC",2014,3529,2895,82.0346
"Watsonville/Santa Cruz City & County CoC",2013,3536,2895,81.8722
"Fresno City & County/Madera County CoC",2013,3131,2537,81.0284
"Fort Walton Beach/Okaloosa, Walton Counties CoC",2014,1577,1275,80.8497
"Georgia Balance of State CoC",2012,11105,8855,79.7389
"Merced City & County CoC",2014,768,609,79.2969
"Humboldt County CoC",2013,864,684,79.1667
"Fort Walton Beach/Okaloosa, Walton Counties CoC",2012,2438,1928,79.0812
"Daytona Beach, Daytona/Volusia, Flagler Counties CoC",2012,2384,1881,78.9010
"Gainesville/Alachua, Putnam Counties CoC",2012,1814,1425,78.5557
"Watsonville/Santa Cruz City & County CoC",2012,2735,2125,77.6965
"Santa Rosa, Petaluma/Sonoma County CoC",2014,4266,3309,77.5668
"Citrus, Hernando, Lake, Sumter Counties CoC",2012,1788,1385,77.4609
"Santa Rosa, Petaluma/Sonoma County CoC",2013,4280,3309,77.3131
"Fort Walton Beach/Okaloosa, Walton Counties CoC",2013,1658,1275,76.8999
"Gainesville/Alachua, Putnam Counties CoC",2013,1718,1305,75.9604
"Santa Rosa, Petaluma/Sonoma County CoC",2012,4483,3366,75.0836
"San Jose/Santa Clara City & County CoC",2014,7567,5674,74.9835
"Colusa, Glenn, Trinity Counties CoC",2014,567,424,74.7795
"Salinas/Monterey, San Benito Counties CoC",2013,2955,2206,74.6531
"Salinas/Monterey, San Benito Counties CoC",2014,2962,2206,74.4767
"San Jose/Santa Clara City & County CoC",2013,7631,5674,74.3546
"Humboldt County CoC",2014,932,684,73.3906
"Arkansas  Balance of State  CoC",2013,1760,1290,73.2955
"San Jose/Santa Clara City & County CoC",2012,7053,5169,73.2880
"Fresno City & County/Madera County CoC",2014,2592,1883,72.6466
"Punta Gorda/Charlotte County CoC",2012,756,545,72.0899
"Salinas/Monterey, San Benito Counties CoC",2012,2673,1911,71.4927
"Amador, Calaveras, Mariposa, Tuolumne Counties CoC",2012,379,269,70.9763
"Arkansas  Balance of State  CoC",2012,1930,1368,70.8808
"Gainesville/Alachua, Putnam Counties CoC",2014,1256,888,70.7006
"Georgia Balance of State CoC",2014,7577,5317,70.1729
"Ocala/Marion County CoC",2014,918,644,70.1525
"New Orleans/Jefferson Parish CoC",2012,4903,3439,70.1407
"Long Beach CoC",2012,3170,2203,69.4953
"Georgia Balance of State CoC",2013,7651,5317,69.4942
"Vallejo/Solano County CoC",2014,1295,889,68.6486
"Roseville, Rocklin/Placer, Nevada Counties CoC",2014,762,523,68.6352
"Long Beach CoC",2014,2738,1879,68.6267
"Merced City & County CoC",2013,372,255,68.5484
"Daytona Beach, Daytona/Volusia, Flagler Counties CoC",2013,2176,1483,68.1526
"Punta Gorda/Charlotte County CoC",2013,573,387,67.5393
"San Francisco CoC",2014,6408,4315,67.3377
"Merced City & County CoC",2012,502,338,67.3307
"Vallejo/Solano County CoC",2013,1329,889,66.8924
"San Bernardino City & County CoC",2012,2532,1692,66.8246
"Hawaii Balance of State CoC",2014,2206,1472,66.7271
"Richmond/Contra Costa County CoC",2013,2000,1329,66.4500
"Lakeland, Winterhaven/Polk County CoC",2012,881,584,66.2883
"Richmond/Contra Costa County CoC",2014,2009,1329,66.1523
"West Palm Beach/Palm Beach County CoC",2012,2116,1397,66.0208
"Long Beach CoC",2013,2847,1879,65.9993
"Ocala/Marion County CoC",2012,911,600,65.8617
"Los Angeles City & County CoC",2014,34393,22590,65.6820
"Daly/San Mateo County CoC",2013,1995,1299,65.1128
"Oxnard, San Buenaventura/Ventura County CoC",2012,1926,1243,64.5379
"Daly/San Mateo County CoC",2014,2024,1299,64.1798
"Oxnard, San Buenaventura/Ventura County CoC",2013,1674,1074,64.1577
"Riverside City & County CoC",2014,2945,1888,64.1087
"Palm Bay, Melbourne/Brevard County CoC",2012,2062,1319,63.9670
"Amador, Calaveras, Mariposa, Tuolumne Counties CoC",2013,376,240,63.8298
"Oxnard, San Buenaventura/Ventura County CoC",2014,1428,910,63.7255
"Los Angeles City & County CoC",2013,35524,22590,63.5908
"Hawaii Balance of State CoC",2012,1893,1202,63.4971
"Riverside City & County CoC",2013,2978,1888,63.3983
"Hawaii Balance of State CoC",2013,1779,1125,63.2378
"East St. Louis, Belleville/St. Clair County CoC",2012,451,285,63.1929
"Daly/San Mateo County CoC",2012,1845,1162,62.9810
"Amador, Calaveras, Mariposa, Tuolumne Counties CoC",2014,382,240,62.8272
"Daytona Beach, Daytona/Volusia, Flagler Counties CoC",2014,1633,1025,62.7679
"Richmond/Contra Costa County CoC",2012,2386,1490,62.4476
"Athens-Clarke County CoC",2012,361,223,61.7729
"Bakersfield/Kern County CoC",2012,1352,833,61.6124
"San Francisco CoC",2013,7008,4315,61.5725
"Santa Ana, Anaheim/Orange County CoC",2012,7010,4272,60.9415
"Colusa, Glenn, Trinity Counties CoC",2013,696,424,60.9195
"Chico, Paradise/Butte County CoC",2014,696,423,60.7759
"West Palm Beach/Palm Beach County CoC",2013,1559,947,60.7441
"Monroe County CoC",2012,922,558,60.5206
"Punta Gorda/Charlotte County CoC",2014,511,308,60.2740
"Arkansas  Balance of State  CoC",2014,1056,636,60.2273
"Pasadena CoC",2014,666,401,60.2102
"Chico, Paradise/Butte County CoC",2012,897,540,60.2007
"Chico, Paradise/Butte County CoC",2013,712,423,59.4101
"West Palm Beach/Palm Beach County CoC",2014,1596,947,59.3358
"Palm Bay, Melbourne/Brevard County CoC",2014,1477,860,58.2261
"Roseville, Rocklin/Placer, Nevada Counties CoC",2013,908,523,57.5991
"Citrus, Hernando, Lake, Sumter Counties CoC",2013,709,406,57.2638
"San Francisco CoC",2012,5895,3371,57.1841
"Savannah/Chatham County CoC",2012,1118,631,56.4401
"Savannah/Chatham County CoC",2014,1315,741,56.3498
"San Diego City and County CoC",2012,10013,5642,56.3467
"Los Angeles City & County CoC",2012,31553,17740,56.2229
"Santa Maria/Santa Barbara County CoC",2012,1546,868,56.1449
"Tampa/Hillsborough County CoC",2014,1944,1091,56.1214
"Palm Bay, Melbourne/Brevard County CoC",2013,1567,860,54.8819
"Oakland, Berkeley/Alameda County CoC",2013,4264,2337,54.8077
"Oakland, Berkeley/Alameda County CoC",2014,4272,2337,54.7051
"San Bernardino City & County CoC",2014,2315,1247,53.8661
"Turlock, Modesto/Stanislaus County CoC",2012,1470,791,53.8095
"Lakeland, Winterhaven/Polk County CoC",2014,536,288,53.7313
"San Bernardino City & County CoC",2013,2321,1247,53.7268
"Turlock, Modesto/Stanislaus County CoC",2013,1201,645,53.7052
"Humboldt County CoC",2012,846,454,53.6643
"Savannah/Chatham County CoC",2013,1165,622,53.3906
"Santa Maria/Santa Barbara County CoC",2014,1832,978,53.3843
"St. Petersburg, Clearwater, Largo/Pinellas County CoC",2013,3913,2087,53.3350
"Bakersfield/Kern County CoC",2013,1152,605,52.5174
"Yuba City & County/Sutter County CoC",2014,726,379,52.2039
"Delta Hills CoC",2013,254,132,51.9685
"Santa Maria/Santa Barbara County CoC",2013,1882,978,51.9660
"Oakland, Berkeley/Alameda County CoC",2012,4257,2212,51.9615
"San Diego City and County CoC",2013,8879,4574,51.5148
"Davis, Woodland/Yolo County CoC",2012,513,263,51.2671
"Ft Myers, Cape Coral/Lee County CoC",2014,871,444,50.9759
"Pasadena CoC",2013,772,393,50.9067
"St. Petersburg, Clearwater, Largo/Pinellas County CoC",2012,3971,2020,50.8688
"Tampa/Hillsborough County CoC",2013,1909,944,49.4500
"Visalia/Kings, Tulare Counties CoC",2014,763,377,49.4102
"Mobile City & County/Baldwin County CoC",2012,634,310,48.8959
"Pasadena CoC",2012,904,437,48.3407
"Roseville, Rocklin/Placer, Nevada Counties CoC",2012,742,355,47.8437
"Ft Myers, Cape Coral/Lee County CoC",2012,781,371,47.5032
"Mobile City & County/Baldwin County CoC",2013,493,233,47.2617
"Little Rock/Central Arkansas CoC",2013,1066,503,47.1857
"Orlando/Orange, Osceola, Seminole Counties CoC",2013,4378,2057,46.9849
"San Diego City and County CoC",2014,8506,3985,46.8493
"Little Rock/Central Arkansas CoC",2014,1074,503,46.8343
"Monroe County CoC",2013,652,305,46.7791
"Ft Myers, Cape Coral/Lee County CoC",2013,848,396,46.6981
"Baltimore CoC",2012,3854,1795,46.5750
"Sarasota, Bradenton/Manatee, Sarasota Counties CoC",2013,1049,486,46.3298
"Jacksonville-Duval, Clay Counties CoC",2012,2861,1319,46.1028
"Visalia/Kings, Tulare Counties CoC",2012,771,355,46.0441
"Colorado Balance of State CoC",2014,2188,1005,45.9324
"Colusa, Glenn, Trinity Counties CoC",2012,303,139,45.8746
"Tuscaloosa City & County CoC",2014,245,112,45.7143
"Imperial County CoC",2014,298,134,44.9664
"Davis, Woodland/Yolo County CoC",2014,442,198,44.7964
"Yuba City & County/Sutter County CoC",2012,492,220,44.7154
"Athens-Clarke County CoC",2013,213,95,44.6009
"New Orleans/Jefferson Parish CoC",2013,2337,1039,44.4587
"Colorado Balance of State CoC",2013,2267,1005,44.3317
"Santa Ana, Anaheim/Orange County CoC",2014,3833,1678,43.7777
"Arizona Balance of State CoC",2014,2398,1049,43.7448
"Idaho Balance of State CoC",2014,1351,590,43.6714
"Monroe County CoC",2014,678,295,43.5103
"Sarasota, Bradenton/Manatee, Sarasota Counties CoC",2014,1377,597,43.3551
"Imperial County CoC",2012,239,103,43.0962
"Arizona Balance of State CoC",2013,2435,1049,43.0801
"Visalia/Kings, Tulare Counties CoC",2013,705,296,41.9858
"Bakersfield/Kern County CoC",2014,992,415,41.8347
"Davis, Woodland/Yolo County CoC",2013,474,198,41.7722
"New Orleans/Jefferson Parish CoC",2014,1981,818,41.2923
"Imperial County CoC",2013,252,104,41.2698
"Birmingham/Jefferson, St. Clair, Shelby Counties CoC",2012,1707,698,40.8905
"Redding/Shasta, Siskiyou, Lassen, Plumas, Del Norte, Modoc, Sierra Counties CoC",2013,851,347,40.7756
"East St. Louis, Belleville/St. Clair County CoC",2014,339,138,40.7080
"Pensacola/Escambia, Santa Rosa Counties CoC",2013,945,382,40.4233
"Fayetteville/Northwest Arkansas CoC",2014,551,222,40.2904
"Glendale CoC",2012,299,120,40.1338
"Ft Lauderdale/Broward County CoC",2012,3183,1268,39.8366
"Jacksonville-Duval, Clay Counties CoC",2013,2768,1097,39.6315
"Santa Ana, Anaheim/Orange County CoC",2013,4251,1678,39.4731
"Orlando/Orange, Osceola, Seminole Counties CoC",2012,3661,1443,39.4155
"Citrus, Hernando, Lake, Sumter Counties CoC",2014,511,201,39.3346
"Little Rock/Central Arkansas CoC",2012,1249,487,38.9912
"Fort Smith CoC",2014,185,72,38.9189
"Ocala/Marion County CoC",2013,530,205,38.6792
"Turlock, Modesto/Stanislaus County CoC",2014,1156,443,38.3218
"Vallejo/Solano County CoC",2012,622,235,37.7814
"Cape Cod Islands CoC",2013,514,193,37.5486
"Lakeland, Winterhaven/Polk County CoC",2013,520,195,37.5000
"Napa City & County CoC",2012,248,92,37.0968
"Glendale CoC",2014,292,107,36.6438
"Rockford/Winnebago, Boone Counties CoC",2013,788,287,36.4213
"Columbus-Muscogee/Russell County CoC",2014,312,113,36.2179
"Idaho Balance of State CoC",2012,1214,433,35.6672
"Athens-Clarke County CoC",2014,247,87,35.2227
"DeKalb County CoC",2014,801,281,35.0811
"Atlanta CoC",2012,6811,2378,34.9141
"St. Petersburg, Clearwater, Largo/Pinellas County CoC",2014,3391,1178,34.7390
"Redding/Shasta, Siskiyou, Lassen, Plumas, Del Norte, Modoc, Sierra Counties CoC",2012,524,182,34.7328
"Honolulu City and County CoC",2014,4712,1633,34.6562
"Birmingham/Jefferson, St. Clair, Shelby Counties CoC",2013,1469,509,34.6494
"Alabama Balance of State CoC",2013,905,308,34.0331
"Sacramento City & County CoC",2012,2812,955,33.9616
"Glendale CoC",2013,318,107,33.6478
"Pensacola/Escambia, Santa Rosa Counties CoC",2012,792,266,33.5859
"Fayetteville/Northwest Arkansas CoC",2013,668,222,33.2335
"Panama City/Bay, Jackson Counties CoC",2013,301,100,33.2226
"Bloomington/Central Illinois CoC",2012,668,216,32.3353
"Honolulu City and County CoC",2013,4556,1465,32.1554
"Sacramento City & County CoC",2014,2449,786,32.0947
"Napa City & County CoC",2014,285,91,31.9298
"Ft Lauderdale/Broward County CoC",2014,2766,879,31.7787
"Marin County CoC",2012,725,229,31.5862
"East St. Louis, Belleville/St. Clair County CoC",2013,213,67,31.4554
"Atlanta CoC",2013,5536,1733,31.3042
"Birmingham/Jefferson, St. Clair, Shelby Counties CoC",2014,1329,414,31.1512
"Sacramento City & County CoC",2013,2538,786,30.9693
"Augusta-Richmond County CoC",2014,472,146,30.9322
"Augusta-Richmond County CoC",2013,476,146,30.6723
"Fulton County CoC",2013,428,130,30.3738
"Honolulu City and County CoC",2012,4353,1318,30.2780
"Huntsville/North Alabama CoC",2013,586,177,30.2048
"Idaho Balance of State CoC",2013,1087,328,30.1748
"Kentucky Balance of State CoC",2012,2328,701,30.1117
"Kentucky Balance of State CoC",2014,2229,670,30.0583
"DeKalb County CoC",2013,713,214,30.0140
"Arizona Balance of State CoC",2012,2451,729,29.7430
"Montgomery City & County CoC",2012,487,144,29.5688
"Ft Lauderdale/Broward County CoC",2013,2810,829,29.5018
"Bridgeport, Stamford, Norwalk/Fairfield County CoC",2013,1059,311,29.3673
"Marietta/Cobb County CoC",2013,495,144,29.0909
"Huntsville/North Alabama CoC",2012,607,175,28.8303
"Bridgeport, Stamford, Norwalk/Fairfield County CoC",2014,1083,311,28.7165
"Atlanta CoC",2014,4797,1375,28.6637
"Howard County CoC",2013,194,55,28.3505
"Sarasota, Bradenton/Manatee, Sarasota Counties CoC",2012,921,257,27.9045
"Rockford/Winnebago, Boone Counties CoC",2012,727,202,27.7854
"Napa City & County CoC",2013,245,68,27.7551
"Marietta/Cobb County CoC",2014,523,144,27.5335
"Pensacola/Escambia, Santa Rosa Counties CoC",2014,843,232,27.5208
"El Dorado County CoC",2013,180,49,27.2222
"Panama City/Bay, Jackson Counties CoC",2012,322,87,27.0186
"Phoenix, Mesa/Maricopa County CoC",2012,6485,1749,26.9699
"Panama City/Bay, Jackson Counties CoC",2014,268,72,26.8657
"Phoenix, Mesa/Maricopa County CoC",2013,5889,1581,26.8467
"Alexandria/Central Louisiana CoC",2013,118,31,26.2712
"Marin County CoC",2014,679,178,26.2150
"Shreveport, Bossier/Northwest Louisiana CoC",2013,692,179,25.8671
"Decatur/Macon County CoC",2014,256,66,25.7813
"Tucson/Pima County CoC",2012,2366,609,25.7396
"Chicago CoC",2012,6710,1722,25.6632
"Yuba City & County/Sutter County CoC",2013,1485,379,25.5219
"Marin County CoC",2013,676,171,25.2959
"El Dorado County CoC",2014,195,49,25.1282
"Kentucky Balance of State CoC",2013,2392,600,25.0836
"Decatur/Macon County CoC",2012,210,52,24.7619
"Colorado Springs/El Paso County CoC",2012,1127,276,24.4898
"Alabama Balance of State CoC",2014,716,172,24.0223
"Overland Park, Shawnee/Johnson County CoC",2012,288,68,23.6111
"Tallahassee/Leon County CoC",2014,805,188,23.3540
"Tallahassee/Leon County CoC",2013,974,225,23.1006
"Naples/Collier County CoC",2012,455,105,23.0769
"Decatur/Macon County CoC",2013,247,57,23.0769
"Monroe/Northeast Louisiana CoC",2012,257,59,22.9572
"Mobile City & County/Baldwin County CoC",2014,598,137,22.9097
"Cape Cod Islands CoC",2014,381,86,22.5722
"Montgomery City & County CoC",2013,515,116,22.5243
"Tucson/Pima County CoC",2013,2238,501,22.3861
"Southern Illinois CoC",2013,338,75,22.1893
"Shreveport, Bossier/Northwest Louisiana CoC",2012,804,178,22.1393
"Colorado Springs/El Paso County CoC",2014,1219,269,22.0673
"Miami-Dade County CoC",2013,3802,839,22.0673
"Gadsden/Northeast Alabama CoC",2012,544,120,22.0588
"Fall River CoC",2014,354,78,22.0339
"Miami-Dade County CoC",2012,3976,868,21.8310
"Bloomington/Central Illinois CoC",2013,536,116,21.6418
"Fulton County CoC",2014,477,103,21.5933
"Tucson/Pima County CoC",2014,2179,467,21.4318
"Annapolis/Anne Arundel County CoC",2013,400,85,21.2500
"Fayetteville/Northwest Arkansas CoC",2012,186,39,20.9677
"Columbus-Muscogee/Russell County CoC",2013,294,60,20.4082
"Miami-Dade County CoC",2014,4156,840,20.2117
"Lafayette/Acadiana CoC",2013,542,109,20.1107
"Champaign, Urbana, Rantoul/Champaign County CoC",2013,214,43,20.0935
"Colorado Springs/El Paso County CoC",2013,1171,230,19.6413
"Chicago CoC",2013,6276,1216,19.3754
"Shreveport, Bossier/Northwest Louisiana CoC",2014,655,126,19.2366
"Alaska Balance of State CoC",2012,766,147,19.1906
"Louisiana Balance of State CoC",2012,826,156,18.8862
"Cook County CoC",2012,1242,233,18.7601
"Alaska Balance of State CoC",2013,824,153,18.5680
"Connecticut Balance of State CoC",2014,3367,608,18.0576
"Connecticut Balance of State CoC",2013,3389,608,17.9404
"Bridgeport, Stamford, Norwalk/Fairfield County CoC",2012,902,161,17.8492
"Phoenix, Mesa/Maricopa County CoC",2014,5918,1053,17.7932
"Gadsden/Northeast Alabama CoC",2013,399,70,17.5439
"Bloomington/Central Illinois CoC",2014,669,116,17.3393
"Monroe/Northeast Louisiana CoC",2014,220,38,17.2727
"Stockton/San Joaquin County CoC",2013,1541,263,17.0668
"El Dorado County CoC",2012,217,37,17.0507
"Southern Illinois CoC",2012,411,70,17.0316
"Annapolis/Anne Arundel County CoC",2012,373,62,16.6220
"Stockton/San Joaquin County CoC",2014,1588,263,16.5617
"Montgomery City & County CoC",2014,490,81,16.5306
"Columbus-Muscogee/Russell County CoC",2012,333,55,16.5165
"Slidell/Southeast Louisiana CoC",2014,262,43,16.4122
"Connecticut Balance of State CoC",2012,3307,534,16.1476
"Gadsden/Northeast Alabama CoC",2014,438,70,15.9817
"Tuscaloosa City & County CoC",2012,152,24,15.7895
"Cumberland/Allegany County CoC",2013,76,12,15.7895
"Stockton/San Joaquin County CoC",2012,1569,247,15.7425
"Indiana Balance of State CoC",2012,4612,716,15.5247
"Chicago CoC",2014,6287,959,15.2537
"Lafayette/Acadiana CoC",2012,518,79,15.2510
"Metropolitan Denver CoC",2012,6358,964,15.1620
"Cambridge CoC",2012,485,72,14.8454
"Metropolitan Denver CoC",2013,6316,928,14.6928
"Louisiana Balance of State CoC",2013,1061,154,14.5146
"Jacksonville-Duval, Clay Counties CoC",2014,2049,293,14.2997
"Southern Illinois CoC",2014,325,46,14.1538
"Slidell/Southeast Louisiana CoC",2012,276,39,14.1304
"Monroe/Northeast Louisiana CoC",2013,200,28,14.0000
"Madison County CoC",2013,201,28,13.9303
"Naples/Collier County CoC",2013,396,54,13.6364
"Wichita/Sedgwick County CoC",2012,550,75,13.6364
"West Central Illinois CoC",2012,172,23,13.3721
"Annapolis/Anne Arundel County CoC",2014,384,51,13.2813
"Wichita/Sedgwick County CoC",2013,538,71,13.1970
"Cape Cod Islands CoC",2012,364,48,13.1868
"Wichita/Sedgwick County CoC",2014,631,83,13.1537
"Redding/Shasta, Siskiyou, Lassen, Plumas, Del Norte, Modoc, Sierra Counties CoC",2014,630,82,13.0159
"Howard County CoC",2014,170,22,12.9412
"Indiana Balance of State CoC",2013,4497,580,12.8975
"Cambridge CoC",2013,535,69,12.8972
"Cook County CoC",2014,1182,151,12.7750
"South Central Illinois CoC",2013,149,19,12.7517
"Cumberland/Allegany County CoC",2012,110,14,12.7273
"Slidell/Southeast Louisiana CoC",2013,276,35,12.6812
"Marietta/Cobb County CoC",2012,392,49,12.5000
"Cumberland/Allegany County CoC",2014,120,15,12.5000
"Champaign, Urbana, Rantoul/Champaign County CoC",2012,209,26,12.4402
"Cook County CoC",2013,1242,151,12.1578
"Alaska Balance of State CoC",2014,761,92,12.0894
"Attleboro, Taunton/Bristol County CoC",2013,251,30,11.9522
"Orlando/Orange, Osceola, Seminole Counties CoC",2014,2254,266,11.8012
"Florence/Northwest Alabama CoC",2013,223,26,11.6592
"Des Moines/Polk County CoC",2014,886,102,11.5124
"Baltimore CoC",2014,2567,295,11.4920
"Aurora, Elgin/Kane County CoC",2014,405,46,11.3580
"Baltimore CoC",2013,2638,295,11.1827
"Rock Island, Moline/Northwestern Illinois CoC",2012,263,28,10.6464
"Indianapolis CoC",2012,1647,173,10.5039
"Attleboro, Taunton/Bristol County CoC",2012,249,26,10.4418
"Dekalb City & County CoC",2012,125,13,10.4000
"Aurora, Elgin/Kane County CoC",2013,451,46,10.1996
"Metropolitan Denver CoC",2014,6621,671,10.1344
"Aurora, Elgin/Kane County CoC",2012,431,43,9.9768
"Louisville-Jefferson County CoC",2012,1532,152,9.9217
"Sioux City/Dakota, Woodbury Counties CoC",2014,297,29,9.7643
"District of Columbia CoC",2012,6954,679,9.7642
"Naples/Collier County CoC",2014,361,35,9.6953
"Florence/Northwest Alabama CoC",2014,209,20,9.5694
"Alexandria/Central Louisiana CoC",2014,141,13,9.2199
"Des Moines/Polk County CoC",2012,818,74,9.0465
"Topeka/Shawnee County CoC",2012,577,50,8.6655
"Cambridge CoC",2014,551,47,8.5299
"Pittsfield/Berkshire, Franklin, Hampshire Counties CoC",2012,717,59,8.2287
"Indiana Balance of State CoC",2014,4081,329,8.0617
"Overland Park, Shawnee/Johnson County CoC",2013,213,17,7.9812
"Alexandria/Central Louisiana CoC",2012,188,15,7.9787
"Alabama Balance of State CoC",2012,886,70,7.9007
"Springfield/Sangamon County CoC",2014,269,21,7.8067
"Rockford/Winnebago, Boone Counties CoC",2014,410,31,7.5610
"Indianapolis CoC",2013,1599,120,7.5047
"District of Columbia CoC",2013,6865,512,7.4581
"Topeka/Shawnee County CoC",2014,416,31,7.4519
"Tallahassee/Leon County CoC",2012,797,59,7.4028
"Kansas Balance of State CoC",2013,1141,82,7.1867
"Fall River CoC",2012,307,22,7.1661
"Madison County CoC",2012,196,14,7.1429
"Boise/Ada County CoC",2013,694,49,7.0605
"Boise/Ada County CoC",2012,754,53,7.0292
"Huntsville/North Alabama CoC",2014,536,37,6.9030
"Sioux City/Dakota, Woodbury Counties CoC",2012,250,17,6.8000
"Madison County CoC",2014,240,16,6.6667
"Des Moines/Polk County CoC",2013,928,61,6.5733
"Peoria, Pekin/Fulton, Tazewell, Peoria, Woodford Counties CoC",2013,396,26,6.5657
"Lexington-Fayette County CoC",2013,1408,91,6.4631
"Peoria, Pekin/Fulton, Tazewell, Peoria, Woodford Counties CoC",2014,405,26,6.4198
"Fall River CoC",2013,235,15,6.3830
"Lafayette/Acadiana CoC",2014,471,30,6.3694
"Harford County CoC",2012,189,12,6.3492
"Attleboro, Taunton/Bristol County CoC",2014,222,14,6.3063
"Kansas Balance of State CoC",2014,1307,82,6.2739
"Dekalb City & County CoC",2014,96,6,6.2500
"Somerville CoC",2012,145,9,6.2069
"Boise/Ada County CoC",2014,753,46,6.1089
"Lowell CoC",2014,588,35,5.9524
"Pittsfield/Berkshire, Franklin, Hampshire Counties CoC",2013,678,40,5.8997
"Lexington-Fayette County CoC",2014,1544,91,5.8938
"Champaign, Urbana, Rantoul/Champaign County CoC",2014,205,12,5.8537
"Kansas Balance of State CoC",2012,1043,61,5.8485
"New Bedford CoC",2013,337,19,5.6380
"New Bedford CoC",2012,374,20,5.3476
"Somerville CoC",2013,169,9,5.3254
"Louisville-Jefferson County CoC",2014,1316,70,5.3191
"Lowell CoC",2012,534,28,5.2434
"Topeka/Shawnee County CoC",2013,439,23,5.2392
"Anchorage CoC",2014,1023,53,5.1808
"DuPage County CoC",2012,641,33,5.1482
"District of Columbia CoC",2014,7748,396,5.1110
"Sioux City/Dakota, Woodbury Counties CoC",2013,236,12,5.0847
"Gloucester, Haverhill, Salem/Essex County CoC",2014,1487,74,4.9765
"Joliet, Bolingbrook/Will County CoC",2014,309,15,4.8544
"Harford County CoC",2013,166,8,4.8193
"Worcester City & County CoC",2012,1572,73,4.6438
"Anchorage CoC",2013,1122,52,4.6346
"New Bedford CoC",2014,349,16,4.5845
"Lowell CoC",2013,559,25,4.4723
"DuPage County CoC",2014,654,29,4.4343
"DuPage County CoC",2013,665,29,4.3609
"Louisville-Jefferson County CoC",2013,1445,63,4.3599
"Anchorage CoC",2012,1147,50,4.3592
"Lexington-Fayette County CoC",2012,1370,58,4.2336
"Quincy, Brockton, Weymouth, Plymouth City and County CoC",2012,1424,60,4.2135
"Overland Park, Shawnee/Johnson County CoC",2014,167,7,4.1916
"Delaware Statewide CoC",2014,901,37,4.1065
"Tuscaloosa City & County CoC",2013,99,4,4.0404
"Louisiana Balance of State CoC",2014,876,35,3.9954
"Indianapolis CoC",2014,1890,74,3.9153
"Pittsfield/Berkshire, Franklin, Hampshire Counties CoC",2014,753,29,3.8513
"Gloucester, Haverhill, Salem/Essex County CoC",2012,993,38,3.8268
"West Central Illinois CoC",2013,133,5,3.7594
"Springfield/Sangamon County CoC",2012,251,9,3.5857
"Springfield/Sangamon County CoC",2013,280,10,3.5714
"West Central Illinois CoC",2014,145,5,3.4483
"South Central Illinois CoC",2014,118,4,3.3898
"Lynn CoC",2012,414,14,3.3816
"Iowa Balance of State CoC",2014,1939,65,3.3522
"Worcester City & County CoC",2013,1657,55,3.3193
"Boston CoC",2013,5881,193,3.2818
"Boston CoC",2012,5607,181,3.2281
"Lynn CoC",2013,468,15,3.2051
"Iowa Balance of State CoC",2013,1920,61,3.1771
"Joliet, Bolingbrook/Will County CoC",2012,291,9,3.0928
"Iowa Balance of State CoC",2012,1860,57,3.0645
"McHenry County CoC",2014,166,5,3.0120
"Boston CoC",2014,5987,180,3.0065
"Quincy, Brockton, Weymouth, Plymouth City and County CoC",2013,1690,49,2.8994
"Dekalb City & County CoC",2013,107,3,2.8037
"Gloucester, Haverhill, Salem/Essex County CoC",2013,1286,36,2.7994
"Worcester City & County CoC",2014,1796,49,2.7283
"McHenry County CoC",2013,185,5,2.7027
"Harford County CoC",2014,223,6,2.6906
"Lynn CoC",2014,382,10,2.6178
"Somerville CoC",2014,154,4,2.5974
"Quincy, Brockton, Weymouth, Plymouth City and County CoC",2014,1643,40,2.4346
"Joliet, Bolingbrook/Will County CoC",2013,288,7,2.4306
"Peoria, Pekin/Fulton, Tazewell, Peoria, Woodford Counties CoC",2012,376,9,2.3936
"Delaware Statewide CoC",2012,1008,22,2.1825
"Massachusetts Balance of State CoC",2013,2652,57,2.1493
"Springfield/Hampden County CoC",2013,2117,45,2.1256
"Florence/Northwest Alabama CoC",2012,192,4,2.0833
"Massachusetts Balance of State CoC",2012,1872,37,1.9765
"Massachusetts Balance of State CoC",2014,3900,62,1.5897
"Southeast Arkansas CoC",2013,64,1,1.5625
"McHenry County CoC",2012,196,3,1.5306
"Springfield/Hampden County CoC",2012,2444,35,1.4321
"Springfield/Hampden County CoC",2014,2690,35,1.3011
"Augusta-Richmond County CoC",2012,396,5,1.2626
"Waukegan, North Chicago/Lake County CoC",2014,409,5,1.2225
"Waukegan, North Chicago/Lake County CoC",2012,450,5,1.1111
"Delaware Statewide CoC",2013,946,10,1.0571
"Waukegan, North Chicago/Lake County CoC",2013,497,5,1.0060
"Rock Island, Moline/Northwestern Illinois CoC",2014,218,1,0.4587
"Rock Island, Moline/Northwestern Illinois CoC",2013,219,1,0.4566
"Southeast Arkansas CoC",2014,70,0,0.0000
"Southeast Arkansas CoC",2012,64,0,0.0000
"South Central Illinois CoC",2012,124,0,0.0000
